{"token": "ya29.a0AfH6SMBvTAdh4zRbr03tfGCUym0xbipqeBtmwns1_3JqH7c7Jn2pyVZUlXymEBA7ec-yLPLfQagx3NppFQeSucbiVTbaPTuXeuylPlg2jEU1Fr2qMjDqTcfmOR3I1OjN4i9OUe4jy4mFQZCibomZ4zRoArls_A", "refresh_token": "1//06UgyyA6VXBSbCgYIARAAGAYSNwF-L9IrjByZ9ZD_TvmSJRTVdLNUBHYAdr4ywon8YTH30Rhs0qMais7VUnBuvwyziswWjI6-TAI", "token_uri": "https://oauth2.googleapis.com/token", "client_id": "190766052598-g1ab9234ksbckgubcr0j1pkn2o222fsu.apps.googleusercontent.com", "client_secret": "BKJntpWAu3sDM8KjVZCiv889", "scopes": ["https://www.googleapis.com/auth/spreadsheets.readonly"], "expiry": "2021-03-15T17:45:20.638652Z"}